3,2016-06-17,ремень солярис,здесь,http://angarasolaris.com/solarisparts/24/,http://avtoaziya.ru/koreyjskie/hyundai/111-obnovlennihyj-byudzhetnihyj-hyundai-solaris.html,0,Платно,0
2,2016-06-17,запчасти хендай hd 72,Здесь,http://angara77.com/zapchasti-HD/2/,http://auto.29.ru/forum/view.php?id=50,114,Бесплатно,0
2,2016-06-17,турбина старекс,Здесь,http://angara77.com/subcat-3-31-3-Turbina-starex/,http://priora.com.ua/pravilnaya-ekspluatatsiya-turbiny.html,534,Платно,282
1,2016-06-18,запчасти портер,Здесь,http://hyundaiporter.ru/,http://anti-gai.nilbug.ru/blog/zapchasti-khendai-porter/,337,Платно,282
3,2016-06-24,фары на солярис,тут,http://angarasolaris.com/solarisparts/6/,http://avtoaziya.ru/koreyjskie/hyundai/111-obnovlennihyj-byudzhetnihyj-hyundai-solaris.html,0,Платно,0
2,2016-06-24,запчасти хендай hd тагаз,запчасти на HD,http://angara77.com/zapchasti-HD/2/,http://auto-zapchasti.com.ua/2015/02/shumoizolyaciya-avtomobilya/,127,Бесплатно,0
2,2016-07-04,диски на старекс,диски на Старекс,http://angara77.com/subcat-3-3-2-Diski-kolesnye-starex/,https://www.youtube.com/watch?v=3Au63ywSSxg,0,Платно,0
1,2016-06-25,запчасти портер тагаз,запчасти на Портер,http://hyundaiporter.ru/,,0,Платно,0
3,2016-07-01,солярис стекла,по ссылке,http://angarasolaris.com/solarisparts/2/,http://auto38.net/zapchasti/steklo_na_hyundai_solaris_moskva_295363.html,6000,Бесплатно,0
2,2016-08-10,запчасти на хендай hd 78,angara77.com,http://angara77.com/zapchasti-HD/2/,,0,Платно,0
2,2016-07-01,фильтр старекс,angara77.com,http://angara77.com/subcat-3-19-7-Filtry-starex/,https://www.youtube.com/watch?v=1HZy05Uy2KY&feature=youtu.be,0,Бесплатно,0
1,2016-07-02,запчасти на портер 1,hyundaiporter.ru,http://hyundaiporter.ru/,http://bluesmobil.net.ua/poyavlyajtes-elektrosportkary-bolshie-i-bystrye,235,Бесплатно,0
3,2016-07-08,зеркало солярис,angara77.com,http://angarasolaris.com/solarisparts/5/,http://avtomaniya.info/39950-krash-test-hyundai-solaris.html,0,Бесплатно,0
2,2016-08-17,запчасти hyundai hd72,тут,http://angara77.com/zapchasti-HD/2/,,0,Платно,0
2,2016-08-07,двери старекс,тут,http://angara77.com/subcat-3-36-1-Dveri-starex/,,0,Платно,0
1,2016-07-09,запчасти hyundai porter,тут,http://hyundaiporter.ru/,http://priora.com.ua/category/auto-news/page/3,239,Платно,282
3,2016-07-25,колодки на солярис,здесь,http://angarasolaris.com/solarisparts/61/,,0,Платно,0
2,2016-07-25,каталог запчасти хендай hd78,Каталог HD,http://angara77.com/zapchasti-HD/2/,,0,Платно,0
2,2016-07-25,турбины хендай старекс,турбина Старекс,http://angara77.com/subcat-3-31-3-Turbina-starex/,,0,Платно,0
1,2016-07-26,каталог запчасти портер,Каталог Портер,http://hyundaiporter.ru/,,0,Платно,0
1,2016-07-30,форсунки портер,Тут,http://hyundaiporter.ru/porterparts/32/forsunki-porter/,,0,Платно,0
3,2016-08-01,капот солярис,тут,http://angarasolaris.com/solarisparts/1/,,0,Платно,0
2,2016-08-01,форсунки хендай hd72,Тут,http://angara77.com/subcat-2-32-3-Forsunki-HD/,,0,Платно,0
2,2016-08-01,диски на гранд старекс,Тут,http://angara77.com/subcat-3-3-2-Diski-kolesnye-starex/,,0,Платно,0
1,2016-08-03,грм портер,грм Портер,http://hyundaiporter.ru/porterparts/18/remni-porter/,,0,Платно,0
1,2016-08-06,стартер портер,hyundaiporter.ru,http://hyundaiporter.ru/porterparts/58/starter-porter/,,0,Платно,0
3,2016-08-08,лобовое стекло солярис,по ссылке,http://angarasolaris.com/solarisparts/2/,,0,Платно,0
2,2016-08-08,грм хендай hd78,грм HD,http://angara77.com/subcat-2-18-7-Remni-HD/,,0,Платно,0
2,2016-08-08,колеса старекс,колеса Старекс,http://angara77.com/subcat-3-3-2-Diski-kolesnye-starex/,,0,Платно,0
1,2016-08-10,предохранители портер,тут,http://hyundaiporter.ru/porterparts/67/predohraniteli-porter/,,0,Платно,0
1,2016-08-13,печка портер,Здесь,http://hyundaiporter.ru/porterparts/53/pechka-porter/,,0,Платно,0
3,2016-08-15,грм солярис,angara77.com,http://angarasolaris.com/solarisparts/24/,,0,Платно,0
2,2016-08-15,стартер хендай hd72,angara77.com,http://angara77.com/subcat-2-58-6-Starter-HD/,,0,Платно,0
2,2016-08-15,диски на хендай старекс,angara77.com,http://angara77.com/subcat-3-3-2-Diski-kolesnye-starex/,,0,Платно,0
1,2016-08-17,рессора портер,рессоры портер,http://hyundaiporter.ru/porterparts/9/ressory-porter/,,0,Платно,0
1,2016-08-20,цилиндр портер,тут,http://hyundaiporter.ru/porterparts/76/cilindry-porter/,,0,Платно,0
3,2016-08-22,сцепление солярис,здесь,http://angarasolaris.com/solarisparts/48/,,0,Платно,0
2,2016-08-22,предохранители хендай hd78,тут,http://angara77.com/subcat-2-67-6-Predohraniteli-HD/,,0,Платно,0
2,2016-08-22,фильтр гранд старекс,тут,http://angara77.com/subcat-3-19-7-Filtry-starex/,,0,Платно,0
1,2016-08-24,топливный фильтр портер,hyundaiporter.ru,http://hyundaiporter.ru/porterparts/19/fil-try-porter/,,0,Платно,0
1,2016-08-27,кпп портер,Здесь,http://hyundaiporter.ru/porterparts/6/korobka-vsbore-porter/,,0,Платно,0
3,2016-08-29,дверь на солярис,тут,http://angarasolaris.com/solarisparts/1/,,0,Платно,0
2,2016-08-29,печка хендай hd78,Здесь,http://angara77.com/subcat-2-53-10-Pechka-HD/,,0,Платно,0
2,2016-08-29,дверь гранд старекс,Здесь,http://angara77.com/subcat-3-36-1-Dveri-starex/,,0,Платно,0
1,2016-08-31,двери портер,Двери на Портер,http://hyundaiporter.ru/porterparts/36/dveri-porter/,,0,Платно,0
1,2016-09-03,генератор на портер,здесь,http://hyundaiporter.ru/porterparts/57/generator-porter/,,0,Платно,0
3,2016-09-05,генератор солярис,по ссылке,http://angarasolaris.com/solarisparts/53/,,0,Платно,0
2,2016-09-05,рессора хендай hd72,рессоры HD,http://angara77.com/subcat-2-9-2-Ressory-hd/,,0,Платно,0
2,2016-09-05,фильтр топливный старекс,фильтр Старекс,http://angara77.com/subcat-3-19-7-Filtry-starex/,,0,Платно,0
1,2016-09-07,турбина на портер,тут,http://hyundaiporter.ru/porterparts/31/turbina-porter/,,0,Платно,0
1,2016-09-10,стекло портер,Стекло Портер,http://hyundaiporter.ru/porterparts/42/stekla-porter/,,0,Платно,0
3,2016-09-12,радиатор солярис,angara77.com,http://angarasolaris.com/solarisparts/28/,,0,Платно,0
2,2016-09-12,цилиндр хендай hd 78,тут,http://angara77.com/subcat-2-76-12-Cilindry-HD/,,0,Платно,0
2,2016-09-12,фильтр хендай старекс,тут,http://angara77.com/subcat-3-19-7-Filtry-starex/,,0,Платно,0
1,2016-09-14,гбц портер,тут,http://hyundaiporter.ru/porterparts/22/golovka-porter/,,0,Платно,0
1,2016-09-17,бампер портера,бампера Портер тут,http://hyundaiporter.ru/porterparts/35/bamper-porter/,,0,Платно,0
3,2016-09-19,ключ солярис,здесь,http://angarasolaris.com/solarisparts/73/,,0,Платно,0
2,2016-09-19,топливный фильтр хендай hd 72,angara77.com,http://angara77.com/subcat-2-19-7-Filtry-hd/,,0,Платно,0
2,2016-09-19,турбины на гранд старекс,angara77.com,http://angara77.com/subcat-3-31-3-Turbina-starex/,,0,Платно,0
1,2016-09-21,радиатор портер,здесь,http://hyundaiporter.ru/porterparts/52/radiatory-porter/,,0,Платно,0
1,2016-09-24,ремни грм портер,тут,http://hyundaiporter.ru/porterparts/18/remni-porter/,,0,Платно,0
3,2016-09-26,топливный фильтр солярис,тут,http://angarasolaris.com/solarisparts/60/,,0,Платно,0
2,2016-09-26,hd 72,Здесь,http://angara77.com/category-2-11-Korobka-HD/,,0,Платно,0
2,2016-09-26,турбина на гранд старекс,Здесь,http://angara77.com/subcat-3-31-3-Turbina-starex/,,0,Платно,0
1,2016-09-28,генератор хендай портер,hyundaiporter.ru,http://hyundaiporter.ru/porterparts/57/generator-porter/,,0,Платно,0
1,2016-10-01,портер свеча накаливания,тут,http://hyundaiporter.ru/porterparts/64/svechi-porter/,,0,Платно,0
3,2016-10-03,предохранители солярис,по ссылке,http://angarasolaris.com/solarisparts/59/,,0,Платно,0
2,2016-10-03,двери хендай hd 72,Двери на HD,http://angara77.com/subcat-2-36-1-Dveri-hd/,,0,Платно,0
2,2016-10-03,старекс зеркало,зеркало на Старекс,http://angara77.com/subcat-3-39-1-Zerkala-starex/,,0,Платно,0
1,2016-10-05,колодки портер,здесь,http://hyundaiporter.ru/porterparts/17/kolodki-porter/,,0,Платно,0
1,2016-10-08,сцепление хендай портер,тут,http://hyundaiporter.ru/porterparts/13/sceplenie-porter/,,0,Платно,0
3,2016-10-10,солярис ручки,angara77.com,http://angarasolaris.com/solarisparts/79/,,0,Платно,0
2,2016-10-10,генератор на хендай hd 72,здесь,http://angara77.com/subcat-2-57-6-Generator-hd/,,0,Платно,0
2,2016-10-10,подшипник старекс,здесь,http://angara77.com/subcat-3-70-11-Podshipniki-starex/,,0,Платно,0
3,2016-10-11,цепь солярис,здесь,http://angarasolaris.com/solarisparts/24/,,0,Платно,0
2,2016-10-11,турбина на хендай hd 72,тут,http://angara77.com/subcat-2-31-3-Turbina-HD/,,0,Платно,0
2,2016-10-11,стекло гранд старекс,тут,http://angara77.com/subcat-3-42-1-Stekla-starex/,,0,Платно,0
1,2016-10-12,зеркало портер,Зеркала Портер,http://hyundaiporter.ru/porterparts/39/zerkala-porter/,,0,Платно,0
1,2016-10-15,помпа портер,Здесь,http://hyundaiporter.ru/porterparts/54/pompa-porter/,,0,Платно,0
3,2016-10-17,подкрылки солярис,тут,http://angarasolaris.com/solarisparts/7/,,0,Платно,0
2,2016-10-17,стекло хендай hd 78,Стекло HD,http://angara77.com/subcat-2-42-1-Stekla-hd/,,0,Платно,0
2,2016-10-17,турбина на хендай старекс,турбина Старекс,http://angara77.com/subcat-3-31-3-Turbina-starex/,,0,Платно,0
1,2016-10-19,головка портер,Здесь,http://hyundaiporter.ru/porterparts/22/golovka-porter/,,0,Платно,0
1,2016-10-22,печка хендай портер,тут,http://hyundaiporter.ru/porterparts/53/pechka-porter/,,0,Платно,0
3,2016-10-24,фонари солярис,по ссылке,http://angarasolaris.com/solarisparts/6/,,0,Платно,0
2,2016-10-24,гбц хендай hd 72,тут,http://angara77.com/subcat-2-22-3-Golovka-HD/,,0,Платно,0
2,2016-10-24,хундай старекс диски,тут,http://angara77.com/subcat-3-3-2-Diski-kolesnye-starex/,,0,Платно,0
1,2016-10-26,коленвал портер,коленвал Портер,http://hyundaiporter.ru/porterparts/26/kolenval-porter/,,0,Платно,0
3,2016-10-31,крыло солярис,angara77.com,http://angarasolaris.com/solarisparts/1/,,0,Платно,0
2,2016-10-31,бампер хендай hd 72,бампера HD тут,http://angara77.com/subcat-2-35-1-Bamper-HD/,,0,Платно,0
2,2016-10-31,генератор старекс,генератор Старекс тут,http://angara77.com/subcat-3-57-6-Generator-starex/,,0,Платно,0
1,2016-11-02,хендай портер грм,тут,http://hyundaiporter.ru/porterparts/18/remni-porter/,,0,Платно,0
1,2016-11-05,спидометр портер,здесь,http://hyundaiporter.ru/porterparts/87/spidometr-porter/,,0,Платно,0
3,2016-11-07,дворники на солярис,здесь,http://angarasolaris.com/solarisparts/63/,,0,Платно,0
2,2016-11-07,радиатор хендай hd 72,здесь,http://angara77.com/subcat-2-52-10-Radiatory-hd/,,0,Платно,0
2,2016-11-07,купить диски на старекс,здесь,http://angara77.com/subcat-3-3-2-Diski-kolesnye-starex/,,0,Платно,0
1,2016-11-09,стартер хендай портер,тут,http://hyundaiporter.ru/porterparts/58/starter-porter/,,0,Платно,0
1,2016-11-12,задние фонари портер,hyundaiporter.ru,http://hyundaiporter.ru/porterparts/82/fonari-porter/,,0,Платно,0
3,2016-11-14,замок солярис,тут,http://angarasolaris.com/solarisparts/73/,,0,Платно,0
2,2016-11-14,ремни грм хендай hd 78,тут,http://angara77.com/subcat-2-18-7-Remni-HD/,,0,Платно,0
2,2016-11-14,турбина хендай гранд старекс,тут,http://angara77.com/subcat-3-31-3-Turbina-starex/,,0,Платно,0
1,2016-11-16,фильтр воздушный портер,Здесь,http://hyundaiporter.ru/porterparts/19/fil-try-porter/,,0,Платно,0
3,2016-11-21,свечи на солярис,по ссылке,http://angarasolaris.com/solarisparts/62/,,0,Платно,0
2,2016-11-21,генератор хендай хендай hd 72,angara77.com,http://angara77.com/subcat-2-57-6-Generator-hd/,,0,Платно,0
2,2016-11-21,starex диски,angara77.com,http://angara77.com/subcat-3-3-2-Diski-kolesnye-starex/,,0,Платно,0
1,2016-11-23,форсунки на хендай портер,здесь,http://hyundaiporter.ru/porterparts/32/forsunki-porter/,,0,Платно,0
1,2016-11-26,гур портер,здесь,http://hyundaiporter.ru/porterparts/10/rulevoe-upr-porter/,,0,Платно,0
3,2016-11-28,солярис кондиционер,angara77.com,http://angarasolaris.com/product/8/,,0,Платно,0
2,2016-11-28,хендай hd 72 свеча накаливания,тут,http://angara77.com/subcat-2-64-6-Svechi-HD/,,0,Платно,0
2,2016-11-28,турбина хундай старекс,тут,http://angara77.com/subcat-3-31-3-Turbina-starex/,,0,Платно,0
1,2016-11-30,сцепление на портер 1,сцепление,http://hyundaiporter.ru/porterparts/13/sceplenie-porter/,,0,Платно,0
1,2016-12-03,предохранители хендай портер,тут,http://hyundaiporter.ru/porterparts/67/predohraniteli-porter/,,0,Платно,0
3,2016-12-05,фильтр масляный солярис,здесь,http://angarasolaris.com/solarisparts/60/,,0,Платно,0
2,2016-12-05,колодки хендай hd 72,здесь,http://angara77.com/subcat-2-17-7-Kolodki-HD/,,0,Платно,0
2,2016-12-05,рессора старекс,здесь,http://angara77.com/subcat-3-9-2-Ressory-starex/,,0,Платно,0
1,2016-12-07,ступица портер,тут,http://hyundaiporter.ru/porterparts/12/stupicy-porter/,,0,Платно,0
1,2016-12-10,блок предохранителей портер,здесь,http://hyundaiporter.ru/porterparts/67/predohraniteli-porter/,,0,Платно,0
3,2016-12-12,защита картера солярис,тут,http://angarasolaris.com/part/6786/,,0,Платно,0
2,2016-12-12,сцепление хендай хендай hd 78,тут,http://angara77.com/subcat-2-13-2-Sceplenie-HD/,,0,Платно,0
2,2016-12-12,двери starex,тут,http://angara77.com/subcat-3-36-1-Dveri-starex/,,0,Платно,0
1,2016-12-14,коробка передач портер,тут,http://hyundaiporter.ru/porterparts/6/korobka-vsbore-porter/,,0,Платно,0
1,2016-12-17,топливный насос портер,здесь,http://hyundaiporter.ru/porterparts/34/toplivnaya-sist-porter/,,0,Платно,0
3,2016-12-19,ступица солярис,по ссылке,http://angarasolaris.com/solarisparts/11/,,0,Платно,0
2,2016-12-19,зеркало хендай hd 72,Зеркала HD,http://angara77.com/subcat-2-39-1-Zerkala-hd/,,0,Платно,0
2,2016-12-19,дверь на хендай старекс,дверь Старекс,http://angara77.com/subcat-3-36-1-Dveri-starex/,,0,Платно,0
1,2016-12-21,топливный фильтр хендай портер,hyundaiporter.ru,http://hyundaiporter.ru/porterparts/19/fil-try-porter/,,0,Платно,0
1,2016-12-24,бампер хендай портер,Тут,http://hyundaiporter.ru/porterparts/35/bamper-porter/,,0,Платно,0
3,2016-12-26,суппорта солярис,angara77.com,http://angarasolaris.com/solarisparts/19/,,0,Платно,0
2,2016-12-26,помпа хендай hd 72,Здесь,http://angara77.com/subcat-2-54-10-Pompa-HD/,,0,Платно,0
2,2016-12-26,задняя дверь старекс,Здесь,http://angara77.com/subcat-3-36-1-Dveri-starex/,,0,Платно,0
1,2016-12-28,стекло лобовое портер,Здесь,http://hyundaiporter.ru/porterparts/42/stekla-porter/,,0,Платно,0
1,2016-12-31,турбина портер 1,турбина Портер,http://hyundaiporter.ru/porterparts/31/turbina-porter/,,0,Платно,0
3,2017-01-02,амортизаторы на солярис,здесь,http://angarasolaris.com/solarisparts/12/,,0,Платно,0
2,2017-01-02,головка хендай hd 72,Здесь,http://angara77.com/subcat-2-22-3-Golovka-HD/,,0,Платно,0
2,2017-01-02,коленвал старекс,коленвал Старекс,http://angara77.com/subcat-3-26-3-Kolenval-starex/,,0,Платно,0
1,2017-01-04,радиатор печки портер,тут,http://hyundaiporter.ru/porterparts/53/pechka-porter/,,0,Платно,0
3,2017-01-09,генератор хендай солярис,тут,http://angarasolaris.com/solarisparts/53/,,0,Платно,0
2,2017-01-09,печка хендай хендай hd 78,тут,http://angara77.com/subcat-2-53-10-Pechka-HD/,,0,Платно,0
2,2017-01-09,сцепление старекс,тут,http://angara77.com/subcat-3-77-12-Diski-barabany-starex/,,0,Платно,0
1,2017-01-11,гбц хендай портер,Здесь,http://hyundaiporter.ru/porterparts/22/golovka-porter/,,0,Платно,0
1,2017-01-14,передний бампер портер,тут,http://hyundaiporter.ru/porterparts/35/bamper-porter/,,0,Платно,0
3,2017-01-16,лобовое стекло хендай солярис,по ссылке,http://angarasolaris.com/solarisparts/2/,,0,Платно,0
2,2017-01-16,коленвал хендай hd 72,коленвал HD,http://angara77.com/subcat-2-26-3-Kolenval-hd/,,0,Платно,0
2,2017-01-16,тормозной диск старекс,тут,http://angara77.com/subcat-3-3-2-Diski-kolesnye-starex/,,0,Платно,0
3,2017-01-23,колодки задние солярис,angara77.com,http://angarasolaris.com/solarisparts/61/,,0,Платно,0
2,2017-01-23,хендай hd 72 грм,тут,http://angara77.com/zapchasti-HD/2/,,0,Платно,0
2,2017-01-23,стекла хендай старекс,тут,http://angara77.com/subcat-3-42-1-Stekla-starex/,,0,Платно,0
1,2017-01-25,генератор портер 1,по ссылке,http://hyundaiporter.ru/porterparts/57/generator-porter/,,0,Платно,0
1,2017-01-28,головка блока портер,тут,http://hyundaiporter.ru/porterparts/22/golovka-porter/,,0,Платно,0
3,2017-01-30,фильтр воздушный солярис,здесь,http://angarasolaris.com/solarisparts/60/,,0,Платно,0
2,2017-01-30,спидометр хендай hd 72,здесь,http://angara77.com/subcat-2-66-6-Panel-priborov-HD/,,0,Платно,0
2,2017-01-30,сдвижная дверь старекс,здесь,http://angara77.com/subcat-3-36-1-Dveri-starex/,,0,Платно,0
1,2017-02-01,предохранители портер 1,Здесь,http://hyundaiporter.ru/porterparts/67/predohraniteli-porter/,,0,Платно,0
1,2017-02-04,грм портер 2,hyundaiporter.ru,http://hyundaiporter.ru/porterparts/18/remni-porter/,,0,Платно,0
3,2017-02-06,ремень на хендай солярис,тут,http://angarasolaris.com/solarisparts/24/,,0,Платно,0
2,2017-02-06,стартер хендай хендай hd 72,тут,http://angara77.com/subcat-2-58-6-Starter-HD/,,0,Платно,0
2,2017-02-06,двери хендай гранд старекс,тут,http://angara77.com/subcat-3-36-1-Dveri-starex/,,0,Платно,0
1,2017-02-08,свеча накаливания хендай портер,здесь,http://hyundaiporter.ru/porterparts/64/svechi-porter/,,0,Платно,0
1,2017-02-11,колодки тормозные портер,тут,http://hyundaiporter.ru/porterparts/17/kolodki-porter/,,0,Платно,0
1,2017-02-15,ремень грм хендай портер,тут,http://hyundaiporter.ru/porterparts/18/remni-porter/,,0,Платно,0
1,2017-02-18,радиатор хендай портер,ссылка на сайт,http://hyundaiporter.ru/porterparts/52/radiatory-porter/,,0,Платно,0
1,2017-02-22,блок цилиндров портер,тут,http://hyundaiporter.ru/porterparts/21/blok-dvigatelya-porter/,,0,Платно,0
1,2017-02-25,турбина портер купить,здесь,http://hyundaiporter.ru/porterparts/31/turbina-porter/,,0,Платно,0
1,2017-03-01,крестовина портер,здесь,http://hyundaiporter.ru/porterparts/5/kardan-porter/,,0,Платно,0
1,2017-03-04,колодки задние портер,Купить тут,http://hyundaiporter.ru/porterparts/17/kolodki-porter/,,0,Платно,0
1,2017-03-08,хундай портер грм,Тут,http://hyundaiporter.ru/porterparts/18/remni-porter/,,0,Платно,0
1,2017-03-11,руль портер,hyundaiporter.ru,http://hyundaiporter.ru/porterparts/10/rulevoe-upr-porter/,,0,Платно,0
1,2017-03-15,турбина портер 2,Здесь,http://hyundaiporter.ru/porterparts/31/turbina-porter/,,0,Платно,0
1,2017-03-18,радиатор портер 1,тут,http://hyundaiporter.ru/porterparts/52/radiatory-porter/,,0,Платно,0
1,2017-03-22,диски хендай портер,Здесь,http://hyundaiporter.ru/porterparts/3/diski-kolesnye-porter/,,0,Платно,0
1,2017-03-25,сцепление на портер 2,сцепление Портер,http://hyundaiporter.ru/porterparts/13/sceplenie-porter/,,0,Платно,0
1,2017-03-29,фильтр топливный портер 2,тут,http://hyundaiporter.ru/porterparts/19/fil-try-porter/,,0,Платно,0
1,2017-04-01,редуктор портер,Здесь,http://hyundaiporter.ru/porterparts/4/most-zadniy-porter/,,0,Платно,0
1,2017-04-05,дверь хендай портер,Здесь,http://hyundaiporter.ru/porterparts/36/dveri-porter/,,0,Платно,0
1,2017-04-08,турбина на хендай портер,hyundaiporter.ru,http://hyundaiporter.ru/porterparts/31/turbina-porter/,,0,Платно,0
1,2017-04-12,бампер портер 2,здесь,http://hyundaiporter.ru/porterparts/35/bamper-porter/,,0,Платно,0
1,2017-05-16,рессора хендай портер,здесь,http://hyundaiporter.ru/porterparts/9/ressory-porter/,,0,Платно,0
1,2017-05-20,колодки портер 2,колодки Портер,http://hyundaiporter.ru/porterparts/17/kolodki-porter/,,0,Платно,0
1,2017-05-23,распредвал портер,здесь,http://hyundaiporter.ru/porterparts/23/grm-porter/,,0,Платно,0
1,2017-05-27,главный цилиндр сцепления портер,тут,http://hyundaiporter.ru/porterparts/13/sceplenie-porter/,,0,Платно,0
1,2017-05-30,подшипник ступицы портер,здесь,http://hyundaiporter.ru/porterparts/12/stupicy-porter/,,0,Платно,0
1,2017-06-03,рессоры портер 2,тут,http://hyundaiporter.ru/porterparts/9/ressory-porter/,,0,Платно,0
1,2017-06-06,форсунка хундай портер,hyundaiporter.ru,http://hyundaiporter.ru/porterparts/32/forsunki-porter/,,0,Платно,0
1,2017-06-06,схема предохранителей портер,тут,http://hyundaiporter.ru/porterparts/67/predohraniteli-porter/,,0,Платно,0
1,2017-06-12,прокладка гбц портер,Тут,http://hyundaiporter.ru/porterparts/22/golovka-porter/,,0,Платно,0
1,2017-06-16,кпп хендай портер,Здесь,http://hyundaiporter.ru/porterparts/6/korobka-vsbore-porter/,,0,Платно,0
1,2017-06-19,гидроусилитель портер,Здесь,http://hyundaiporter.ru/porterparts/10/rulevoe-upr-porter/,,0,Платно,0
1,2017-06-23,цилиндр тормозной портер,тут,http://hyundaiporter.ru/porterparts/76/cilindry-porter/,,0,Платно,0
1,2017-06-26,ремень генератора портер,Здесь,http://hyundaiporter.ru/porterparts/57/generator-porter/,,0,Платно,0
1,2017-06-30,каталог hyundai porter,тут,http://hyundaiporter.ru/portercat/,,0,Платно,0
1,2017-07-03,генератор хундай портер,hyundaiporter.ru,http://hyundaiporter.ru/porterparts/57/generator-porter/,,0,Платно,0
1,2017-07-07,запчасти porter каталог,Здесь,http://hyundaiporter.ru/portercat/,,0,Платно,0
1,2017-07-11,лист рессоры портер,Здесь,http://hyundaiporter.ru/porterparts/9/ressory-porter/,,0,Платно,0
1,2017-07-14,хендай портер колодки,Купить тут,http://hyundaiporter.ru/porterparts/17/kolodki-porter/,,0,Платно,0
1,2017-07-17,противотуманки на портер,здесь,http://hyundaiporter.ru/porterparts/44/fary-porter/,,0,Платно,0
1,2017-07-21,колодки передние портер,здесь,http://hyundaiporter.ru/porterparts/17/kolodki-porter/,,0,Платно,0
1,2017-07-25,замок зажигания портер,тут,http://hyundaiporter.ru/porterparts/38/zamki-porter/,,0,Платно,0
1,2017-07-29,запчасти хендай портер 2,тут,http://hyundaiporter.ru/,,0,Платно,0
1,2017-08-01,автозапчасти портер,здесь,http://hyundaiporter.ru/,,0,Платно,0
1,2017-08-05,купить запчасти портер,hyundaiporter.ru,http://hyundaiporter.ru/,,0,Платно,0
1,2017-08-08,каталог хендай портер,тут,http://hyundaiporter.ru/portercat/,,0,Платно,0
