2;2016-05-13;турбина старекс;Здесь;http://angara77.com/subcat-3-31-3-Turbina-starex/
2;2016-05-16;диски на старекс;диски на Старекс;http://angara77.com/subcat-3-3-2-Diski-kolesnye-starex/
2;2016-05-18;фильтр старекс;angara77.com;http://angara77.com/subcat-3-19-7-Filtry-starex/
2;2016-05-20;двери старекс;тут;http://angara77.com/subcat-3-36-1-Dveri-starex/
2;2016-05-23;турбины хендай старекс;турбина Старекс;http://angara77.com/subcat-3-31-3-Turbina-starex/
2;2016-05-25;диски на гранд старекс;Тут;http://angara77.com/subcat-3-3-2-Diski-kolesnye-starex/
2;2016-05-26;колеса старекс;колеса Старекс;http://angara77.com/subcat-3-3-2-Diski-kolesnye-starex/
2;2016-05-30;диски на хендай старекс;angara77.com;http://angara77.com/subcat-3-3-2-Diski-kolesnye-starex/
2;2016-05-31;фильтр гранд старекс;тут;http://angara77.com/subcat-3-19-7-Filtry-starex/
2;2016-06-03;дверь гранд старекс;Здесь;http://angara77.com/subcat-3-36-1-Dveri-starex/
2;2016-06-05;фильтр топливный старекс;фильтр Старекс;http://angara77.com/subcat-3-19-7-Filtry-starex/
2;2016-06-07;фильтр хендай старекс;тут;http://angara77.com/subcat-3-19-7-Filtry-starex/
2;2016-06-09;турбины на гранд старекс;angara77.com;http://angara77.com/subcat-3-31-3-Turbina-starex/
2;2016-06-11;турбина на гранд старекс;Здесь;http://angara77.com/subcat-3-31-3-Turbina-starex/
2;2016-06-13;старекс зеркало;зеркало на Старекс;http://angara77.com/subcat-3-39-1-Zerkala-starex/
2;2016-06-15;подшипник старекс;здесь;http://angara77.com/subcat-3-70-11-Podshipniki-starex/
2;2016-06-17;стекло гранд старекс;тут;http://angara77.com/subcat-3-42-1-Stekla-starex/
2;2016-06-19;турбина на хендай старекс;турбина Старекс;http://angara77.com/subcat-3-31-3-Turbina-starex/
2;2016-06-21;хундай старекс диски;тут;http://angara77.com/subcat-3-3-2-Diski-kolesnye-starex/
2;2016-06-23;генератор старекс;генератор Старекс тут;http://angara77.com/subcat-3-57-6-Generator-starex/
2;2016-06-25;купить диски на старекс;здесь;http://angara77.com/subcat-3-3-2-Diski-kolesnye-starex/
2;2016-06-27;турбина хендай гранд старекс;тут;http://angara77.com/subcat-3-31-3-Turbina-starex/
2;2016-06-29;starex диски;angara77.com;http://angara77.com/subcat-3-3-2-Diski-kolesnye-starex/
2;2016-07-01;турбина хундай старекс;тут;http://angara77.com/subcat-3-31-3-Turbina-starex/
2;2016-07-03;рессора старекс;здесь;http://angara77.com/subcat-3-9-2-Ressory-starex/
2;2016-07-05;двери starex;тут;http://angara77.com/subcat-3-36-1-Dveri-starex/
2;2016-07-07;дверь на хендай старекс;дверь Старекс;http://angara77.com/subcat-3-36-1-Dveri-starex/
2;2016-07-09;задняя дверь старекс;Здесь;http://angara77.com/subcat-3-36-1-Dveri-starex/
2;2016-07-11;коленвал старекс;коленвал Старекс;http://angara77.com/subcat-3-26-3-Kolenval-starex/
2;2016-07-13;сцепление старекс;тут;http://angara77.com/subcat-3-77-12-Diski-barabany-starex/
2;2016-07-15;тормозной диск старекс;;http://angara77.com/subcat-3-3-2-Diski-kolesnye-starex/
2;2016-07-17;стекла хендай старекс;тут;http://angara77.com/subcat-3-42-1-Stekla-starex/
2;2016-07-19;сдвижная дверь старекс;здесь;http://angara77.com/subcat-3-36-1-Dveri-starex/
2;2016-07-21;двери хендай гранд старекс;тут;http://angara77.com/subcat-3-36-1-Dveri-starex/
2;2016-07-23;топливный фильтр хендай старекс;angara77.com;http://angara77.com/subcat-3-19-7-Filtry-starex/
2;2016-07-25;купить диски на гранд старекс;Здесь;http://angara77.com/subcat-3-3-2-Diski-kolesnye-starex/
2;2016-07-27;турбина starex;здесь;http://angara77.com/subcat-3-31-3-Turbina-starex/
2;2016-07-29;подшипник гранд старекс;здесь;http://angara77.com/subcat-3-70-11-Podshipniki-starex/
2;2016-07-31;фара starex;сцепление;http://angara77.com/subcat-3-44-1-Fary-starex/
2;2016-08-02;лобовое стекло старекс;тут;http://angara77.com/subcat-3-42-1-Stekla-starex/
2;2016-08-04;hyundai starex диски;тут;http://angara77.com/subcat-3-3-2-Diski-kolesnye-starex/
2;2016-08-06;купить диски на хендай старекс;здесь;http://angara77.com/subcat-3-3-2-Diski-kolesnye-starex/
2;2016-08-08;турбины на хендай гранд старекс;тут;http://angara77.com/subcat-3-31-3-Turbina-starex/
2;2016-08-10;дверь hyundai starex;здесь;http://angara77.com/subcat-3-36-1-Dveri-starex/
2;2016-08-12;стартер на старекс;angara77.com;http://angara77.com/zapchasti-starex/3/
2;2016-08-14;радиатор гранд старекс;Тут;http://angara77.com/subcat-3-52-10-Radiatory-starex/
2;2016-08-16;свеча накаливания старекс;Здесь;http://angara77.com/zapchasti-starex/3/
2;2016-08-18;подвесной подшипник старекс;тут;http://angara77.com/subcat-3-70-11-Podshipniki-starex/
2;2016-08-20;колеса на гранд старекс;Здесь;http://angara77.com/subcat-3-3-2-Diski-kolesnye-starex/
2;2016-08-22;ремень грм старекс;Здесь;http://angara77.com/subcat-3-23-3-GRM-starex/
2;2016-08-24;фильтр масляный старекс;тут;http://angara77.com/subcat-3-19-7-Filtry-starex/
2;2016-08-26;хундай старекс двери;по ссылке;http://angara77.com/subcat-3-36-1-Dveri-starex/
2;2016-08-28;старекс свечи накала;тут;http://angara77.com/zapchasti-starex/3/
2;2016-08-30;фара старекс купить;Здесь;http://angara77.com/subcat-3-44-1-Fary-starex/
2;2016-09-01;цена турбины на старекс;angara77.com;http://angara77.com/subcat-3-31-3-Turbina-starex/
2;2016-09-03;турбина на старекс цена;здесь;http://angara77.com/subcat-3-31-3-Turbina-starex/
2;2016-09-05;тормозные диски гранд старекс;тут;http://angara77.com/subcat-3-3-2-Diski-kolesnye-starex/
2;2016-09-07;цепи грм на старекс;тут;http://angara77.com/subcat-3-23-3-GRM-starex/
2;2016-09-09;зеркало starex;ссылка на сайт;http://angara77.com/subcat-3-39-1-Zerkala-starex/
2;2016-09-11;цепь грм гранд старекс;тут;http://angara77.com/subcat-3-23-3-GRM-starex/
2;2016-09-13;турбина на старекс купить;здесь;http://angara77.com/subcat-3-31-3-Turbina-starex/
2;2016-09-15;купить турбину на старекс;здесь;http://angara77.com/subcat-3-31-3-Turbina-starex/
2;2016-09-17;турбина гранд старекс 2008;Купить тут;http://angara77.com/subcat-3-31-3-Turbina-starex/
2;2016-09-19;грм хундай старекс;Тут;http://angara77.com/subcat-3-23-3-GRM-starex/
2;2016-09-21;фильтр hyundai starex;angara77.com;http://angara77.com/subcat-3-19-7-Filtry-starex/
2;2016-09-23;дверь сдвижная гранд старекс;Здесь;http://angara77.com/subcat-3-36-1-Dveri-starex/
2;2016-09-25;топливный фильтр на гранд старекс;тут;http://angara77.com/subcat-3-19-7-Filtry-starex/
2;2016-09-27;колеса на хендай старекс;Здесь;http://angara77.com/subcat-3-3-2-Diski-kolesnye-starex/
2;2016-09-29;хендай старекс стартер;стартер Старекс;http://angara77.com/zapchasti-starex/3/
2;2016-10-01;hyundai starex фары;тут;http://angara77.com/subcat-3-44-1-Fary-starex/
2;2016-10-03;диски на хундай гранд старекс;Здесь;http://angara77.com/subcat-3-3-2-Diski-kolesnye-starex/
2;2016-10-05;фильтр воздушный старекс;Здесь;http://angara77.com/subcat-3-19-7-Filtry-starex/
2;2016-10-07;передняя дверь старекс;angara77.com;http://angara77.com/subcat-3-36-1-Dveri-starex/
2;2016-10-09;дверь задняя гранд старекс;здесь;http://angara77.com/subcat-3-36-1-Dveri-starex/
2;2016-10-11;зеркало хендай старекс;здесь;http://angara77.com/subcat-3-39-1-Zerkala-starex/
2;2016-10-13;фильтр хендай старекс дизель;колодки Старекс;http://angara77.com/subcat-3-19-7-Filtry-starex/
2;2016-10-15;турбина гранд старекс купить;здесь;http://angara77.com/subcat-3-31-3-Turbina-starex/
2;2016-10-17;купить турбину гранд старекс;тут;http://angara77.com/subcat-3-31-3-Turbina-starex/
2;2016-10-19;сцепление хендай старекс;здесь;http://angara77.com/subcat-3-13-2-Sceplenie-starex/
2;2016-10-21;турбина хендай старекс цена;тут;http://angara77.com/subcat-3-31-3-Turbina-starex/
2;2016-10-23;салонный фильтр старекс;angara77.com;http://angara77.com/subcat-3-19-7-Filtry-starex/
2;2016-10-25;диски литые на старекс;тут;http://angara77.com/subcat-3-3-2-Diski-kolesnye-starex/
2;;турбина на гранд старекс цена;Тут;http://angara77.com/subcat-3-31-3-Turbina-starex/
